Date,Open,High,Low,Close,Adj Close,Volume
2024-01-01,42283.58,44184.1,42180.77,44179.55,44179.55,1169995682.0280015
2024-01-02,44179.55,45879.63,44148.34,44946.91,44946.91,2944331821.823076
2024-01-03,44946.91,45500.0,40750.0,42845.23,42845.23,3507104563.744232
2024-01-04,42845.23,44729.58,42613.77,44151.1,44151.1,2095095359.493635
2024-01-05,44151.1,44357.46,42450.0,44145.11,44145.11,2100953924.3687155
2024-01-06,44145.12,44214.42,43397.05,43968.32,43968.32,781212883.4916061
2024-01-07,43968.32,44480.59,43572.09,43929.02,43929.02,1014635096.124148
2024-01-08,43929.01,47248.99,43175.0,46951.04,46951.04,3298772150.681508
2024-01-09,46951.04,47972.0,44748.67,46110.0,46110.0,3251442072.8083963
2024-01-10,46110.0,47695.93,44300.36,46653.99,46653.99,4123809481.712767
2024-01-11,46654.0,48969.48,45606.06,46339.16,46339.16,4105139605.028302
2024-01-12,46339.16,46515.53,41500.0,42782.73,42782.73,3827483735.576057
2024-01-13,42782.74,43257.0,42436.12,42847.99,42847.99,1547370611.5531662
2024-01-14,42847.99,43079.0,41720.0,41732.35,41732.35,1202212782.257693
2024-01-15,41732.35,43400.43,41718.05,42511.1,42511.1,1718982911.1081028
2024-01-16,42511.1,43578.01,42050.0,43137.95,43137.95,1931947150.0590703
2024-01-17,43137.94,43198.0,42200.69,42776.1,42776.1,1419888430.9228892
2024-01-18,42776.09,42930.0,40683.28,41327.5,41327.5,1839426541.2635791
2024-01-19,41327.51,42196.86,40280.0,41659.03,41659.03,1993846466.538752
2024-01-20,41659.03,41872.56,41456.3,41696.04,41696.04,662768008.1509343
2024-01-21,41696.05,41881.39,41500.98,41580.33,41580.33,489151571.0309043
2024-01-22,41580.32,41689.65,39431.58,39568.02,39568.02,2247452153.795433
2024-01-23,39568.02,40176.74,38555.0,39897.6,39897.6,2275851990.6468267
2024-01-24,39897.59,40555.0,39484.19,40084.88,40084.88,1569704923.830749
2024-01-25,40084.89,40300.24,39550.0,39961.09,39961.09,1238813296.1526136
2024-01-26,39961.09,42246.82,39822.52,41823.51,41823.51,1951700659.2898076
2024-01-27,41823.51,42200.0,41394.34,42120.63,42120.63,678418702.3509445
2024-01-28,42120.63,42842.68,41620.81,42031.06,42031.06,1154365891.668259
2024-01-29,42031.05,43333.0,41804.88,43302.7,43302.7,1343462280.3618684
2024-01-30,43302.71,43882.36,42683.99,42941.1,42941.1,1633251085.6713598
2024-01-31,42941.1,43745.11,42276.84,42580.0,42580.0,1711665577.0530822
2024-02-01,42580.0,43285.13,41884.28,43082.94,43082.94,1497121440.644002
2024-02-02,43082.95,43488.0,42546.79,43200.0,43200.0,1277919437.2905612
2024-02-03,43199.99,43380.01,42880.0,43011.09,43011.09,518775350.03360087
2024-02-04,43011.1,43119.04,42222.0,42582.88,42582.88,730999557.7083682
2024-02-05,42582.88,43569.76,42258.1,42708.7,42708.7,1262620640.5407171
2024-02-06,42708.7,43399.98,42574.0,43098.95,43098.95,1061049582.6002768
2024-02-07,43098.96,44396.5,42788.0,44349.6,44349.6,1496013692.382922
2024-02-08,44349.6,45614.3,44331.1,45288.65,45288.65,2042912128.1517663
2024-02-09,45288.66,48200.0,45242.12,47132.77,47132.77,3453043306.420976
2024-02-10,47132.78,48170.0,46800.0,47751.09,47751.09,1176079377.6922762
2024-02-11,47751.08,48592.66,47557.16,48299.99,48299.99,1443314885.7714052
2024-02-12,48300.0,50334.82,47710.01,49917.27,49917.27,2898220863.0181804
2024-02-13,49917.28,50368.61,48300.95,49699.59,49699.59,2745025370.067447
2024-02-14,49699.6,52043.71,49225.01,51795.17,51795.17,2919604456.723313
2024-02-15,51795.17,52816.62,51314.0,51880.0,51880.0,2802825737.992016
2024-02-16,51880.01,52572.08,51566.0,52124.11,52124.11,1965003863.9713345
2024-02-17,52124.1,52162.82,50625.0,51642.64,51642.64,1319908544.9790893
2024-02-18,51642.64,52377.0,51163.28,52137.67,52137.67,1139209588.4334626
2024-02-19,52137.68,52488.77,51677.0,51774.73,51774.73,1539600521.6007729
2024-02-20,51774.74,52985.0,50760.37,52258.82,52258.82,2574874999.378717
2024-02-21,52258.82,52366.8,50625.0,51849.39,51849.39,2210278288.725095
2024-02-22,51849.38,52065.78,50940.78,51288.42,51288.42,1820949707.158534
2024-02-23,51288.42,51548.54,50521.0,50744.15,50744.15,1559143576.8296163
2024-02-24,50744.15,51698.0,50585.0,51568.22,51568.22,847793393.571868
2024-02-25,51568.21,51958.55,51279.8,51728.85,51728.85,966951114.4504628
2024-02-26,51728.85,54910.0,50901.44,54476.47,54476.47,2710403072.980595
2024-02-27,54476.48,57588.15,54450.13,57037.34,57037.34,3795949115.224932
2024-02-28,57037.35,64000.0,56691.85,62432.1,62432.1,7162581994.48574
2024-02-29,62432.11,63676.35,60364.7,61130.98,61130.98,4872212871.27608
2024-03-01,61130.99,63114.23,60777.0,62387.9,62387.9,2956537377.9660296
2024-03-02,62387.9,62433.19,61561.12,61987.28,61987.28,1582566973.834093
2024-03-03,61987.28,63231.88,61320.0,63113.97,63113.97,1804536272.9443457
2024-03-04,63113.97,68499.0,62300.0,68245.71,68245.71,5568877537.081252
2024-03-05,68245.71,69000.0,59005.0,63724.01,63724.01,8674526591.287142
2024-03-06,63724.01,67641.1,62779.14,66074.04,66074.04,5197743036.597276
2024-03-07,66074.04,67980.0,65551.0,66823.17,66823.17,3548088039.273608
2024-03-08,66823.18,69990.0,66082.66,68124.19,68124.19,5044395324.399055
2024-03-09,68124.2,68541.1,67861.1,68313.27,68313.27,1355964036.909299
2024-03-10,68313.28,69887.61,68094.75,68955.88,68955.88,2659307501.094578
2024-03-11,68955.88,72800.0,67024.96,72078.1,72078.1,5352704377.618805
2024-03-12,72078.1,73000.0,68620.82,71452.01,71452.01,4909667978.559338
2024-03-13,71452.0,73650.25,71333.31,73072.41,73072.41,3829764501.253793
2024-03-14,73072.4,73777.0,68555.0,71388.94,71388.94,5132189849.096632
2024-03-15,71388.94,72419.71,65600.0,69499.85,69499.85,7065279917.872112
2024-03-16,69499.84,70043.0,64780.0,65300.63,65300.63,3788544202.884856
2024-03-17,65300.64,68904.4,64533.0,68393.48,68393.48,3322963634.2425127
2024-03-18,68393.47,68956.0,66565.2,67609.99,67609.99,3768277912.418919
2024-03-19,67610.0,68124.11,61555.0,61937.4,61937.4,6484805948.535394
2024-03-20,61937.41,68100.0,60775.0,67840.51,67840.51,5769770052.062583
2024-03-21,67840.51,68240.47,64529.01,65501.27,65501.27,3551223142.9644165
2024-03-22,65501.28,66649.62,62260.0,63796.64,63796.64,3310481978.107645
2024-03-23,63796.64,65999.0,63000.0,63990.01,63990.01,1706152172.6316135
2024-03-24,63990.02,67628.69,63772.29,67209.99,67209.99,2059312948.648688
2024-03-25,67210.0,71150.0,66385.06,69880.01,69880.01,3679964073.811213
2024-03-26,69880.0,71561.1,69280.0,69988.0,69988.0,2738537345.33588
2024-03-27,69987.99,71769.54,68359.18,69469.99,69469.99,3426458581.943343
2024-03-28,69469.99,71552.06,68903.62,70780.6,70780.6,2500571208.002628
2024-03-29,70780.6,70916.16,69009.0,69850.54,69850.54,1779608477.3224535
2024-03-30,69850.53,70321.1,69540.0,69582.18,69582.18,954555919.6855744
2024-03-31,69582.17,71366.0,69562.99,71280.01,71280.01,1367523707.261245
2024-04-01,71280.0,71288.23,68062.86,69649.8,69649.8,2876486469.465523
2024-04-02,69649.81,69674.23,64550.0,65463.99,65463.99,4750030717.922425
2024-04-03,65463.99,66903.63,64493.07,65963.28,65963.28,2630556596.135929
2024-04-04,65963.27,69309.91,65064.52,68487.79,68487.79,2795469450.572386
2024-04-05,68487.8,68756.67,65952.56,67820.62,67820.62,2555458935.236009
2024-04-06,67820.63,69692.0,67447.83,68896.0,68896.0,1373131967.764819
2024-04-07,68896.0,70326.29,68824.0,69360.39,69360.39,1496213373.1855776
2024-04-08,69360.38,72797.99,69043.24,71620.0,71620.0,3270853309.662943
2024-04-09,71620.0,71758.19,68210.0,69146.0,69146.0,2749007421.6421075
2024-04-10,69146.0,71172.08,67518.0,70631.08,70631.08,2901564970.815804
2024-04-11,70631.08,71305.89,69567.21,70006.23,70006.23,2247473274.6162577
2024-04-12,70006.22,71227.46,65086.86,67116.52,67116.52,3843551585.321274
2024-04-13,67116.52,67929.0,60660.57,63924.51,63924.51,4614468627.809045
2024-04-14,63924.52,65840.0,62134.0,65661.84,65661.84,3946124834.6970353
2024-04-15,65661.85,66867.07,62274.4,63419.99,63419.99,3398072231.5612235
2024-04-16,63419.99,64365.0,61600.0,63793.39,63793.39,3355338198.446913
2024-04-17,63793.4,64499.0,59678.16,61277.37,61277.37,3128625247.4738536
2024-04-18,61277.38,64117.09,60803.35,63470.08,63470.08,2726741448.8868027
2024-04-19,63470.09,65450.0,59600.01,63818.01,63818.01,4419893235.183287
2024-04-20,63818.01,65419.0,63090.07,64940.59,64940.59,1486949581.439479
2024-04-21,64940.58,65695.56,64237.5,64941.15,64941.15,1254396628.1531763
2024-04-22,64941.15,67232.35,64500.0,66819.32,66819.32,2071690434.976552
2024-04-23,66819.32,67183.01,65765.81,66414.0,66414.0,1502139968.7198815
2024-04-24,66414.0,67070.43,63606.06,64289.59,64289.59,2195714861.657656
2024-04-25,64289.58,65297.94,62794.0,64498.34,64498.34,2007704069.2622728
2024-04-26,64498.33,64820.01,63297.48,63770.01,63770.01,1736631357.3537388
2024-04-27,63770.0,63923.41,62391.24,63461.98,63461.98,1320337707.787116
2024-04-28,63461.98,64370.0,62781.0,63118.62,63118.62,1078450016.4732296
2024-04-29,63118.62,64228.35,61765.53,63866.0,63866.0,1765038324.6837213
2024-04-30,63866.0,64734.0,59191.6,60672.0,60672.0,3372142467.432252
2024-05-01,60672.01,60841.63,56552.82,58364.97,58364.97,4705572361.7402
2024-05-02,58364.97,59625.0,56911.84,59060.61,59060.61,2778840305.0505786
2024-05-03,59060.6,63333.0,58811.32,62882.01,62882.01,2658193708.347904
2024-05-04,62882.01,64540.0,62541.03,63892.04,63892.04,1547468697.8765795
2024-05-05,63892.03,64646.0,62822.17,64012.0,64012.0,1182572239.5306184
2024-05-06,64012.0,65500.0,62700.0,63165.19,63165.19,2218131198.4661326
2024-05-07,63165.18,64422.41,62261.0,62312.08,62312.08,1624531631.592377
2024-05-08,62312.07,63020.22,60888.0,61193.03,61193.03,1623561041.1255188
2024-05-09,61193.03,63429.03,60630.0,63074.01,63074.01,1895849912.7734756
2024-05-10,63074.0,63469.13,60187.12,60799.99,60799.99,2255550468.413852
2024-05-11,60799.99,61515.0,60487.09,60825.99,60825.99,814928013.4573288
2024-05-12,60825.99,61888.0,60610.0,61483.99,61483.99,781041632.4623835
2024-05-13,61484.0,63450.0,60749.21,62940.08,62940.08,2041896626.6108148
2024-05-14,62940.09,63118.36,61142.77,61577.49,61577.49,1800171876.1676652
2024-05-15,61577.49,66444.16,61319.47,66206.5,66206.5,2794259631.8910465
2024-05-16,66206.51,66752.01,64602.77,65235.21,65235.21,2045507646.829385
2024-05-17,65235.21,67451.2,65106.38,67024.0,67024.0,1745971822.3447456
2024-05-18,67024.0,67400.01,66600.0,66915.2,66915.2,967145944.6835316
2024-05-19,66915.2,67700.0,65857.25,66274.01,66274.01,1204989222.8768687
2024-05-20,66274.0,71515.56,66060.31,71446.62,71446.62,3485474763.7522936
2024-05-21,71446.62,71979.0,69162.94,70148.34,70148.34,3509345769.233608
2024-05-22,70148.34,70666.0,68842.19,69166.62,69166.62,1931700812.3032143
2024-05-23,69166.62,70096.12,66312.16,67969.65,67969.65,2766790260.7886024
2024-05-24,67969.66,69250.0,66600.12,68549.99,68549.99,1906438696.7156007
2024-05-25,68549.99,69610.0,68500.0,69290.57,69290.57,837339788.9838961
2024-05-26,69290.56,69562.23,68128.01,68507.67,68507.67,818914878.9908898
2024-05-27,68507.67,70687.56,68250.0,69436.43,69436.43,1604722197.8374028
2024-05-28,69436.43,69591.81,67277.91,68398.39,68398.39,2224860225.799223
2024-05-29,68398.4,68935.68,67124.65,67652.42,67652.42,1573095221.6483984
2024-05-30,67652.41,69500.0,67128.0,68352.17,68352.17,1945001081.521587
2024-05-31,68352.17,69044.1,66670.0,67540.01,67540.01,1812659052.2496767
2024-06-01,67540.01,67900.0,67428.44,67766.85,67766.85,598305207.9932046
2024-06-02,67766.84,68460.0,67257.47,67765.63,67765.63,1046827665.3829312
2024-06-03,67765.62,70288.0,67612.48,68809.9,68809.9,2047757076.226836
2024-06-04,68809.89,71063.45,68567.32,70537.84,70537.84,2069902136.99324
2024-06-05,70537.83,71758.0,70383.66,71108.0,71108.0,2040073765.86764
2024-06-06,71108.0,71700.0,70117.64,70799.06,70799.06,1551467659.1542966
2024-06-07,70799.06,71997.02,68420.0,69355.6,69355.6,2507250591.3329787
2024-06-08,69355.6,69582.2,69168.02,69310.46,69310.46,678267390.5310388
2024-06-09,69310.46,69857.14,69130.24,69648.14,69648.14,687344656.0725566
2024-06-10,69648.15,70195.94,69172.29,69540.0,69540.0,1192466549.969123
2024-06-11,69540.0,69590.01,66051.0,67314.24,67314.24,2793799020.4691243
2024-06-12,67314.23,69999.0,66905.0,68263.99,68263.99,2550285139.184372
2024-06-13,68263.98,68449.3,66251.78,66773.01,66773.01,1958897960.917292
2024-06-14,66773.01,67370.24,65078.0,66043.99,66043.99,1884451554.428285
2024-06-15,66043.99,66478.48,65857.1,66228.25,66228.25,758175888.0283372
2024-06-16,66228.25,66998.7,66034.5,66676.87,66676.87,624653672.6138575
2024-06-17,66676.86,67298.81,65130.0,66504.33,66504.33,1812061226.756565
2024-06-18,66504.33,66588.23,64060.0,65175.32,65175.32,2755141806.03109
2024-06-19,65175.32,65727.54,64666.0,64974.37,64974.37,1307731953.9545314
2024-06-20,64974.37,66482.94,64559.15,64869.99,64869.99,1584896152.16637
2024-06-21,64869.99,65066.66,63379.35,64143.56,64143.56,1665541539.708616
2024-06-22,64143.56,64546.81,63943.82,64262.01,64262.01,470027247.3402083
2024-06-23,64262.01,64521.0,63178.32,63210.01,63210.01,526848525.0029452
2024-06-24,63210.01,63369.8,58402.0,60293.3,60293.3,3180853460.924751
2024-06-25,60293.3,62420.0,60257.06,61806.01,61806.01,1914901308.84587
2024-06-26,61806.01,62487.81,60712.0,60864.99,60864.99,1381716993.355492
2024-06-27,60864.98,62389.22,60606.63,61706.47,61706.47,1126705164.782892
2024-06-28,61706.46,62225.31,60063.0,60427.84,60427.84,1519872032.026636
2024-06-29,60427.84,61224.0,60383.77,60986.68,60986.68,701345872.4881144
2024-06-30,60986.68,63058.76,60712.21,62772.01,62772.01,1070250012.5446604
2024-07-01,62772.01,63861.76,62497.2,62899.99,62899.99,1550980813.6701343
2024-07-02,62900.0,63288.83,61806.28,62135.47,62135.47,1160792332.6175597
2024-07-03,62135.46,62285.94,59400.0,60208.58,60208.58,1945901232.9066567
2024-07-04,60208.57,60498.19,56771.0,57050.01,57050.01,3168619756.2436485
2024-07-05,57050.02,57546.0,53485.93,56628.79,56628.79,4515040083.536514
2024-07-06,56628.79,58475.0,56018.0,58230.13,58230.13,1235398733.4357028
2024-07-07,58230.13,58449.46,55724.37,55857.81,55857.81,1094135752.4528687
2024-07-08,55857.81,58236.73,54260.16,56714.62,56714.62,2699942701.375511
2024-07-09,56714.61,58296.0,56289.45,58050.0,58050.0,1592351321.655387
2024-07-10,58050.0,59470.0,57157.79,57725.85,57725.85,1452293495.6501489
2024-07-11,57725.85,59650.0,57050.0,57339.89,57339.89,1728929618.0583844
2024-07-12,57339.89,58526.68,56542.47,57889.1,57889.1,1360201319.0761504
2024-07-13,57889.09,59850.0,57756.63,59204.02,59204.02,900429281.1482327
2024-07-14,59204.01,61420.69,59194.01,60797.91,60797.91,1273562988.611176
2024-07-15,60797.91,64900.0,60632.3,64724.14,64724.14,2435540879.028933
2024-07-16,64724.06,65388.97,62373.24,65043.99,65043.99,2725231969.2884507
2024-07-17,65044.0,66128.63,63854.0,64087.99,64087.99,1922412273.0882092
2024-07-18,64087.99,65133.3,63238.48,63987.92,63987.92,1449872437.6497972
2024-07-19,63987.92,67386.0,63300.67,66660.0,66660.0,2331517674.368659
2024-07-20,66660.01,67598.0,66222.46,67139.96,67139.96,961878801.8482212
2024-07-21,67139.97,68366.66,65777.0,68165.34,68165.34,1465757867.9747431
2024-07-22,68165.35,68474.55,66559.97,67532.01,67532.01,1448418369.8467095
2024-07-23,67532.0,67750.98,65441.08,65936.01,65936.01,2088544473.323508
2024-07-24,65936.0,67102.01,65111.0,65376.0,65376.0,1526490826.466997
2024-07-25,65376.01,66175.49,63456.7,65799.95,65799.95,2266419771.224864
2024-07-26,65799.95,68200.0,65722.63,67907.99,67907.99,1630839588.6966548
2024-07-27,67908.0,69399.99,66650.0,67896.5,67896.5,2162335067.023417
2024-07-28,67896.49,68318.43,67066.66,68249.88,68249.88,736755676.1377451
2024-07-29,68249.88,70079.99,66428.0,66784.69,66784.69,2499265962.0914555
2024-07-30,66784.68,67000.0,65302.67,66188.0,66188.0,1533270724.799421
2024-07-31,66188.0,66849.24,64530.0,64628.0,64628.0,1489443332.5960116
2024-08-01,64628.01,65659.78,62302.0,65354.02,65354.02,2270877792.65868
2024-08-02,65354.02,65596.14,61230.01,61498.33,61498.33,2469588785.6981573
2024-08-03,61498.34,62198.22,59850.0,60697.99,60697.99,1711555901.18011
2024-08-04,60697.99,61117.63,57122.77,58161.0,58161.0,1874490041.543736
2024-08-05,58161.0,58305.59,49000.0,54018.81,54018.81,8580928177.429902
2024-08-06,54018.82,57040.99,53950.0,56022.01,56022.01,3119018848.329888
2024-08-07,56022.0,57736.05,54558.62,55134.16,55134.16,2490553853.602583
2024-08-08,55133.76,62745.14,54730.0,61685.99,61685.99,2836312292.431818
2024-08-09,61686.0,61744.37,59535.0,60837.99,60837.99,1878350555.512264
2024-08-10,60837.99,61470.58,60242.0,60923.51,60923.51,607372221.2460399
2024-08-11,60923.51,61858.0,58286.73,58712.59,58712.59,1152081498.1567774
2024-08-12,58712.59,60711.09,57642.21,59346.64,59346.64,2186851067.316586
2024-08-13,59346.64,61578.1,58392.88,60587.15,60587.15,1668247896.8477187
2024-08-14,60587.16,61800.0,58433.18,58683.39,58683.39,1705464263.5058649
2024-08-15,58683.39,59849.38,56078.54,57541.06,57541.06,2194915865.052229
2024-08-16,57541.05,59817.76,57098.62,58874.6,58874.6,1614654900.3332715
2024-08-17,58874.59,59700.0,58785.05,59491.99,59491.99,457737705.7722839
2024-08-18,59491.99,60284.99,58408.92,58427.35,58427.35,813166580.7264851
2024-08-19,58427.35,59617.63,57787.3,59438.5,59438.5,1336287900.197634
2024-08-20,59438.5,61400.0,58548.23,59013.8,59013.8,1890620149.79102
2024-08-21,59013.8,61820.93,58783.47,61156.03,61156.03,1682529555.0960548
2024-08-22,61156.03,61400.0,59724.87,60375.84,60375.84,1288544247.9560175
2024-08-23,60375.83,64955.0,60342.14,64037.24,64037.24,2375916932.7935486
2024-08-24,64037.24,64494.5,63531.0,64157.01,64157.01,1015774255.1740764
2024-08-25,64157.02,65000.0,63773.27,64220.0,64220.0,789935122.9930241
2024-08-26,64219.99,64481.0,62800.0,62834.0,62834.0,1238341818.4320166
2024-08-27,62834.0,63212.0,58034.01,59415.0,59415.0,2158144642.992993
2024-08-28,59415.0,60234.98,57860.0,59034.9,59034.9,2183054412.974087
2024-08-29,59034.9,61166.99,58713.09,59359.01,59359.01,1617931684.258576
2024-08-30,59359.0,59944.07,57701.1,59123.99,59123.99,1680918972.4658496
2024-08-31,59123.99,59462.38,58744.0,58973.99,58973.99,519849184.8690447
2024-09-01,58974.0,59076.59,57201.0,57301.86,57301.86,1202176847.3910584
2024-09-02,57301.77,59425.69,57128.0,59132.13,59132.13,1333092369.4465687
2024-09-03,59132.12,59809.65,57415.0,57487.73,57487.73,1335076815.8599248
2024-09-04,57487.74,58519.0,55606.0,57970.9,57970.9,2027630870.179676
2024-09-05,57970.9,58327.07,55643.65,56180.0,56180.0,1577770853.1007974
2024-09-06,56180.0,57008.0,52550.0,53962.97,53962.97,2988914918.924334
2024-09-07,53962.97,54850.0,53745.54,54160.86,54160.86,905693342.5898322
2024-09-08,54160.86,55318.0,53629.01,54869.95,54869.95,885743172.9184759
2024-09-09,54869.95,58088.0,54591.96,57042.0,57042.0,1809715390.0493293
2024-09-10,57042.01,58044.36,56386.4,57635.99,57635.99,1349365460.0900574
2024-09-11,57635.99,57981.71,55545.19,57338.0,57338.0,1875738697.378416
2024-09-12,57338.0,58588.0,57324.0,58132.32,58132.32,1802848638.0757017
2024-09-13,58132.31,60625.0,57632.62,60498.0,60498.0,1760671733.5492997
2024-09-14,60497.99,60610.45,59400.0,59993.03,59993.03,728527024.3416963
2024-09-15,59993.02,60395.8,58691.05,59132.0,59132.0,822410872.3906957
2024-09-16,59132.0,59210.7,57493.3,58213.99,58213.99,1543273198.7027452
2024-09-17,58213.99,61320.0,57610.01,60313.99,60313.99,1983378424.775704
2024-09-18,60313.99,61786.24,59174.8,61759.99,61759.99,2174000496.820776
2024-09-19,61759.98,63850.0,61555.0,62947.99,62947.99,2153175931.173872
2024-09-20,62948.0,64133.32,62350.0,63201.05,63201.05,1611195963.9908044
2024-09-21,63201.05,63559.9,62758.0,63348.96,63348.96,528657852.3183024
2024-09-22,63348.97,64000.0,62357.93,63578.76,63578.76,897477338.3735126
2024-09-23,63578.76,64745.88,62538.75,63339.99,63339.99,1531015038.368027
2024-09-24,63339.99,64688.0,62700.0,64262.7,64262.7,1472720338.8562915
2024-09-25,64262.7,64817.99,62947.08,63152.01,63152.01,1135250828.2732148
2024-09-26,63152.01,65839.0,62670.0,65173.99,65173.99,1831204595.9448967
2024-09-27,65173.99,66498.0,64819.9,65769.95,65769.95,1448852210.3602211
2024-09-28,65769.95,66260.0,65422.23,65858.0,65858.0,600118483.1222521
2024-09-29,65858.0,66076.12,65432.0,65602.01,65602.01,547980013.7152303
2024-09-30,65602.01,65618.8,62856.3,63327.59,63327.59,1920250261.744216
2024-10-01,63327.6,64130.63,60164.0,60805.78,60805.78,2723672081.8326254
2024-10-02,60804.92,62390.31,60000.0,60649.28,60649.28,1928377637.836784
2024-10-03,60649.27,61477.19,59828.11,60752.71,60752.71,1590773866.8074436
2024-10-04,60752.72,62484.85,60459.9,62086.0,62086.0,1311145630.5020497
2024-10-05,62086.0,62370.56,61689.26,62058.0,62058.0,484588468.3419123
2024-10-06,62058.01,62975.0,61798.97,62819.91,62819.91,555669634.4773513
2024-10-07,62819.91,64478.19,62128.0,62224.0,62224.0,1646315506.5791943
2024-10-08,62224.01,63200.0,61860.31,62160.49,62160.49,1230076253.818657
2024-10-09,62160.5,62543.75,60301.0,60636.02,60636.02,1234778807.5932417
2024-10-10,60636.01,61321.68,58946.0,60326.39,60326.39,1445604381.9363792
2024-10-11,60326.4,63417.56,60087.64,62540.0,62540.0,1462219576.849865
2024-10-12,62539.99,63480.0,62487.23,63206.22,63206.22,686978508.9887543
2024-10-13,63206.23,63285.72,62050.0,62870.02,62870.02,746564374.2082387
2024-10-14,62870.02,66500.0,62457.81,66083.99,66083.99,2450094472.8135448
2024-10-15,66084.0,67950.0,64800.01,67074.14,67074.14,2894021862.319518
2024-10-16,67074.14,68424.0,66750.49,67620.01,67620.01,2024560410.1062677
2024-10-17,67620.0,67939.4,66666.0,67421.78,67421.78,1702164439.5654595
2024-10-18,67421.78,69000.0,67192.36,68428.0,68428.0,1959735899.8769648
2024-10-19,68427.99,68693.26,68010.0,68378.0,68378.0,559628628.9613105
2024-10-20,68377.99,69400.0,68100.0,69031.99,69031.99,854082429.8105861
2024-10-21,69032.0,69519.52,66840.67,67377.5,67377.5,2130833593.5466976
2024-10-22,67377.5,67836.01,66571.42,67426.0,67426.0,1654285791.6605556
2024-10-23,67426.01,67472.83,65260.0,66668.65,66668.65,1695101430.9187465
2024-10-24,66668.65,68850.0,66510.0,68198.28,68198.28,1526736320.912938
2024-10-25,68198.27,68771.49,65596.29,66698.33,66698.33,2320667435.293254
2024-10-26,66698.32,67454.55,66439.9,67092.76,67092.76,792887047.147892
2024-10-27,67092.76,68332.05,66913.73,68021.7,68021.7,585006148.4704809
2024-10-28,68021.69,70270.0,67618.0,69962.21,69962.21,2005105729.8174448
2024-10-29,69962.21,73620.12,69760.0,72736.42,72736.42,3602465986.891757
2024-10-30,72736.41,72961.0,71436.0,72344.74,72344.74,1941210537.2882867
2024-10-31,72344.75,72700.0,69685.76,70292.01,70292.01,2091144977.4946847
2024-11-01,70292.01,71632.95,68820.14,69496.01,69496.01,2677358022.00497
2024-11-02,69496.0,69914.37,69000.14,69374.74,69374.74,731232427.6311549
2024-11-03,69374.74,69391.0,67478.73,68775.99,68775.99,1709666206.4062023
2024-11-04,68775.99,69500.0,66835.0,67850.01,67850.01,2033902307.002776
2024-11-05,67850.01,70577.91,67476.63,69372.01,69372.01,2310418908.069922
2024-11-06,69372.01,76400.0,69298.0,75571.99,75571.99,7702283270.25801
2024-11-07,75571.99,76849.99,74416.0,75857.89,75857.89,3391796661.971956
2024-11-08,75857.89,77199.99,75555.0,76509.78,76509.78,2784449097.5315185
2024-11-09,76509.78,76900.0,75714.66,76677.46,76677.46,1294709001.60289
2024-11-10,76677.46,81500.0,76492.0,80370.01,80370.01,4905441473.900737
2024-11-11,80370.01,89530.54,80216.01,88647.99,88647.99,6944268709.942721
2024-11-12,88648.0,89940.0,85072.0,87952.01,87952.01,8540084566.279819
2024-11-13,87952.0,93265.64,86127.99,90375.2,90375.2,7790928962.043038
2024-11-14,90375.21,91790.0,86668.21,87325.59,87325.59,5073860815.928665
2024-11-15,87325.59,91850.0,87073.38,91032.07,91032.07,4276238971.181429
2024-11-16,91032.08,91779.66,90056.17,90586.92,90586.92,2067958511.904848
2024-11-17,90587.98,91449.99,88722.0,89855.99,89855.99,2153871724.810395
2024-11-18,89855.98,92594.0,89376.9,90464.08,90464.08,4239909950.6618943
2024-11-19,90464.07,93905.51,90357.0,92310.79,92310.79,4025108502.8496137
2024-11-20,92310.8,94831.97,91500.0,94286.56,94286.56,3950932314.6460686
2024-11-21,94286.56,98988.0,94040.0,98317.12,98317.12,6722807908.325656
2024-11-22,98317.12,99588.01,97122.11,98892.0,98892.0,4555536773.363205
2024-11-23,98892.0,98908.85,97136.0,97672.4,97672.4,2431609866.329514
2024-11-24,97672.4,98564.0,95734.77,97900.04,97900.04,3034172011.951788
2024-11-25,97900.05,98871.8,92600.19,93010.01,93010.01,4883444806.322194
2024-11-26,93010.01,94973.37,90791.1,91965.16,91965.16,5370918648.818167
2024-11-27,91965.16,97208.21,91792.14,95863.11,95863.11,3894358511.6175647
2024-11-28,95863.11,96564.0,94640.0,95643.98,95643.98,2749861591.2596097
2024-11-29,95643.99,98619.99,95364.99,97460.0,97460.0,2690451030.634288
2024-11-30,97460.0,97463.95,96092.01,96407.99,96407.99,1402672950.6998208
2024-12-01,96407.99,97836.0,95693.88,97185.18,97185.18,1641327626.6062205
2024-12-02,97185.17,98130.0,94395.0,95840.62,95840.62,3646639621.737588
2024-12-03,95840.61,96305.52,93578.17,95849.69,95849.69,3413995542.018656
2024-12-04,95849.69,99000.0,94587.83,98587.32,98587.32,4241994533.7861056
2024-12-05,98587.32,104088.0,90500.0,96945.63,96945.63,11048002942.149933
2024-12-06,96945.63,101898.99,95981.72,99740.84,99740.84,4456641685.364444
2024-12-07,99740.84,100439.18,98844.0,99831.99,99831.99,1487953846.838546
2024-12-08,99831.99,101351.0,98657.7,101109.59,101109.59,1459576946.402151
2024-12-09,101109.6,101215.93,94150.05,97276.47,97276.47,5283626995.705648
2024-12-10,97276.48,98270.0,94256.54,96593.0,96593.0,4988660195.092429
2024-12-11,96593.0,101888.0,95658.24,101125.0,101125.0,3745703763.01845
2024-12-12,101125.0,102540.0,99311.64,100004.29,100004.29,2949462583.8661704
2024-12-13,100004.29,101895.26,99205.0,101424.25,101424.25,2203903393.0741005
2024-12-14,101424.24,102650.0,100609.41,101420.0,101420.0,1441594367.0463192
2024-12-15,101420.0,105250.0,101237.14,104463.99,104463.99,2290462903.835792
2024-12-16,104463.99,107793.07,103333.0,106058.66,106058.66,4364964400.634553
2024-12-17,106058.65,108353.0,105321.49,106133.74,106133.74,3103833327.7751064
2024-12-18,106133.74,106524.98,100000.0,100204.01,100204.01,5194263316.259237
2024-12-19,100204.01,102800.11,95700.0,97461.86,97461.86,5487546517.707753
2024-12-20,97461.86,98233.0,92232.54,97805.44,97805.44,6022845238.832326
2024-12-21,97805.44,99540.61,96398.39,97291.99,97291.99,2296232055.195926
2024-12-22,97292.0,97448.08,94250.35,95186.27,95186.27,1857819866.3604
2024-12-23,95186.28,96538.92,92520.0,94881.47,94881.47,3100007213.494563
2024-12-24,94881.47,99487.99,93569.02,98663.58,98663.58,2287214424.706476
2024-12-25,98663.58,99569.15,97632.02,99429.6,99429.6,1426143976.0493636
2024-12-26,99429.61,99963.7,95199.14,95791.6,95791.6,2049123567.3867724
2024-12-27,95791.6,97544.58,93500.01,94299.03,94299.03,2528567849.779461
2024-12-28,94299.03,95733.99,94135.66,95300.0,95300.0,794651624.8349556
2024-12-29,95300.0,95340.0,93009.52,93738.2,93738.2,1278370863.9768472
2024-12-30,93738.19,95024.5,91530.45,92792.05,92792.05,2573126059.769478
2024-12-31,92792.05,96250.0,92033.73,93576.0,93576.0,1845718801.922704
2025-01-01,93576.0,95151.15,92888.0,94591.79,94591.79,975444194.1379983
2025-01-02,94591.78,97839.5,94392.0,96984.79,96984.79,2118411852.68128
2025-01-03,96984.79,98976.91,96100.01,98174.18,98174.18,1486610768.5907917
2025-01-04,98174.17,98778.43,97514.79,98220.5,98220.5,881223751.6353604
2025-01-05,98220.51,98836.85,97276.79,98363.61,98363.61,793931715.9546323
2025-01-06,98363.61,102480.0,97920.0,102235.6,102235.6,2540561688.7771435
2025-01-07,102235.6,102724.38,96181.81,96954.61,96954.61,3170421659.717236
2025-01-08,96954.6,97268.65,92500.9,95060.61,95060.61,3205849081.112962
2025-01-09,95060.61,95382.32,91203.67,92552.49,92552.49,3217669887.2453976
2025-01-10,92552.49,95836.0,92206.02,94726.11,94726.11,2962085343.2837043
2025-01-11,94726.1,95050.94,93831.73,94599.99,94599.99,665685994.93301
2025-01-12,94599.99,95450.1,93711.19,94545.06,94545.06,813278829.6583949
2025-01-13,94545.07,95940.0,89256.69,94536.1,94536.1,3930666134.3474574
2025-01-14,94536.11,97371.0,94346.22,96560.86,96560.86,2676048470.3569503
2025-01-15,96560.85,100681.94,96500.0,100497.35,100497.35,3006242382.886794
2025-01-16,100497.35,100866.66,97335.13,99987.3,99987.3,2765162040.639799
2025-01-17,99987.3,105865.22,99950.77,104077.48,104077.48,4040993985.475047
2025-01-18,104077.47,104988.88,102277.55,104556.23,104556.23,2521522119.379525
2025-01-19,104556.23,106422.43,99651.6,101331.57,101331.57,4513423971.410253
2025-01-20,101331.57,109588.0,99550.0,102260.01,102260.01,9398787064.320717
2025-01-21,102260.0,107240.81,100119.04,106143.82,106143.82,4768512258.156501
2025-01-22,106143.82,106394.46,103339.12,103706.66,103706.66,2331144640.658579
2025-01-23,103706.66,106850.0,101262.28,103910.34,103910.34,5610760848.131639
2025-01-24,103910.35,107120.0,102750.0,104870.5,104870.5,2483818574.373748
2025-01-25,104870.51,105286.52,104106.09,104746.85,104746.85,949511531.3578016
2025-01-26,104746.86,105500.0,102520.44,102620.0,102620.0,1024352365.4715524
2025-01-27,102620.01,103260.0,97777.77,102082.83,102082.83,5092886322.829245
2025-01-28,102082.83,103800.0,100272.68,101335.52,101335.52,2253977324.0362086
2025-01-29,101335.52,104782.68,101328.01,103733.24,103733.24,2380383694.772136
2025-01-30,103733.25,106457.44,103278.54,104722.94,104722.94,2038112603.5126407
2025-01-31,104722.94,106012.0,101560.0,102429.56,102429.56,2282174002.1952176
2025-02-01,102429.56,102783.71,100279.51,100635.65,100635.65,1250354228.2372296
2025-02-02,100635.66,101456.6,96150.0,97700.59,97700.59,3412084312.583628
2025-02-03,97700.59,102500.01,91231.0,101328.52,101328.52,7228589180.711621
2025-02-04,101328.51,101732.31,96150.0,97763.13,97763.13,3989698644.2649302
2025-02-05,97763.14,99149.0,96155.0,96612.43,96612.43,2562342153.829685
2025-02-06,96612.44,99120.0,95676.64,96554.35,96554.35,2289071921.21756
2025-02-07,96554.35,100137.99,95620.34,96506.8,96506.8,3107592434.6738343
2025-02-08,96506.8,96880.0,95688.0,96444.74,96444.74,977040267.5158632
2025-02-09,96444.75,97323.09,94713.0,96462.75,96462.75,1359495152.3107977
2025-02-10,96462.75,98345.0,95256.0,97430.82,97430.82,1999112052.6687863
2025-02-11,97430.82,98478.42,94876.88,95778.2,95778.2,1806534846.38632
2025-02-12,95778.21,98119.99,94088.23,97869.99,97869.99,2800142168.3943653
2025-02-13,97870.0,98083.91,95217.36,96608.14,96608.14,1916988246.3921185
2025-02-14,96608.13,98826.0,96252.82,97500.48,97500.48,1768073218.8690157
2025-02-15,97500.47,97972.26,97223.58,97569.66,97569.66,717245393.778092
2025-02-16,97569.67,97704.47,96046.18,96118.12,96118.12,794694242.2949731
2025-02-17,96118.12,97046.59,95205.0,95780.0,95780.0,1584593526.1754675
2025-02-18,95780.01,96753.91,93388.09,95671.74,95671.74,2223994802.892005
2025-02-19,95671.74,96899.99,95029.99,96644.37,96644.37,1576817572.1032505
2025-02-20,96644.37,98711.36,96415.09,98305.0,98305.0,1663386824.7315507
2025-02-21,98305.01,99475.0,94871.95,96181.98,96181.98,3143975917.573464
2025-02-22,96181.99,96980.0,95770.49,96551.01,96551.01,1087077133.8226364
2025-02-23,96551.01,96650.0,95227.94,96258.0,96258.0,1044392011.791024
2025-02-24,96258.0,96500.0,91349.26,91552.88,91552.88,2981809595.445377
2025-02-25,91552.88,92540.69,86050.99,88680.4,88680.4,6962982500.904473
2025-02-26,88680.39,89414.15,82256.01,84250.09,84250.09,4898429925.6364765
2025-02-27,84250.09,87078.46,82716.49,84708.58,84708.58,3618738891.222162
2025-02-28,84708.57,85120.0,78258.52,84349.94,84349.94,6806705236.690679
2025-03-01,84349.95,86558.0,83824.78,86064.53,86064.53,2194003507.852643
2025-03-02,86064.54,95000.0,85050.6,94270.0,94270.0,4972549515.788669
2025-03-03,94269.99,94416.46,85117.11,86220.61,86220.61,5321123743.471923
2025-03-04,86221.16,88967.52,81500.0,87281.98,87281.98,4704901219.590436
2025-03-05,87281.98,91000.0,86334.53,90606.01,90606.01,3400243670.304976
2025-03-06,90606.0,92810.64,87836.0,89931.89,89931.89,3105145628.399399
2025-03-07,89931.88,91283.02,84667.03,86801.75,86801.75,5097554826.613158
2025-03-08,86801.74,86897.25,85218.47,86222.45,86222.45,1119358968.6520057
2025-03-09,86222.46,86500.0,80000.0,80734.37,80734.37,2173552660.45448
2025-03-10,80734.48,84123.46,77459.91,78595.86,78595.86,3834924947.7581854
2025-03-11,78595.86,83617.4,76606.0,82932.99,82932.99,3927000827.110792
2025-03-12,82932.99,84539.85,80607.65,83680.12,83680.12,2638600996.825396
2025-03-13,83680.12,84336.33,79939.9,81115.78,81115.78,2260870111.239389
2025-03-14,81115.78,85309.71,80818.84,83983.2,83983.2,2244729595.541172
2025-03-15,83983.19,84676.28,83618.0,84338.44,84338.44,953445671.8337504
2025-03-16,84338.44,85117.04,81981.12,82574.53,82574.53,1468056556.296723
2025-03-17,82574.52,84756.83,82456.0,84010.03,84010.03,1437716814.0468738
2025-03-18,84010.02,84021.74,81134.66,82715.03,82715.03,1450813055.479726
2025-03-19,82715.03,87000.0,82547.16,86845.94,86845.94,2375813941.943763
2025-03-20,86845.93,87453.67,83655.23,84223.39,84223.39,1885241921.155652
2025-03-21,84223.38,84850.33,83175.25,84088.79,84088.79,1005135519.2560016
2025-03-22,84088.79,84539.17,83625.1,83840.59,83840.59,456235443.8016521
2025-03-23,83840.59,86129.64,83809.75,86082.5,86082.5,718692319.1499039
2025-03-24,86082.5,88765.43,85519.09,87498.16,87498.16,2636765917.951844
2025-03-25,87498.16,88539.63,86310.0,87392.87,87392.87,1979571590.8982935
2025-03-26,87392.88,88275.0,85860.0,86909.17,86909.17,1606406955.5864637
2025-03-27,86909.17,87756.39,85800.0,87232.01,87232.01,1487968807.7079022
2025-03-28,87232.01,87515.67,83585.0,84424.38,84424.38,2309946560.664113
2025-03-29,84424.38,84624.73,81644.81,82648.54,82648.54,970199917.9868716
2025-03-30,82648.53,83534.64,81565.0,82389.99,82389.99,816584795.5288126
2025-03-31,82390.0,83943.08,81278.52,82550.01,82550.01,1696009191.0809648
2025-04-01,82550.0,85579.46,82432.74,85158.34,85158.34,1698895702.575468
2025-04-02,85158.35,88500.0,82320.0,82516.29,82516.29,3417279759.8307643
2025-04-03,82516.28,83998.02,81211.24,83213.09,83213.09,2259299724.8643928
2025-04-04,83213.09,84720.0,81659.0,83889.87,83889.87,2739842666.426737
2025-04-05,83889.87,84266.0,82379.95,83537.99,83537.99,779626577.9013437
2025-04-06,83537.99,83817.63,77153.83,78430.0,78430.0,2239085051.1529646
2025-04-07,78430.0,81243.58,74508.0,79163.24,79163.24,6084614024.150647
2025-04-08,79163.24,80867.99,76239.9,76322.42,76322.42,2775277777.102461
2025-04-09,76322.42,83588.0,74620.0,82615.22,82615.22,5980231256.222496
2025-04-10,82615.22,82753.21,78464.36,79607.3,79607.3,2690294353.8478427
2025-04-11,79607.3,84300.0,78969.58,83423.84,83423.84,2830363945.1787524
2025-04-12,83423.83,85905.0,82792.95,85276.9,85276.9,1557403252.9267516
2025-04-13,85276.91,86100.0,83034.23,83760.0,83760.0,2086106375.439256
2025-04-14,83760.0,85799.99,83678.0,84591.58,84591.58,2429132805.081529
2025-04-15,84591.58,86496.42,83600.0,83643.99,83643.99,1780972414.3956006
2025-04-16,83643.99,85500.0,83111.64,84030.38,84030.38,1753910031.2009242
2025-04-17,84030.38,85470.01,83736.26,84947.91,84947.91,1161659427.386263
2025-04-18,84947.92,85132.08,84303.96,84474.69,84474.69,552648483.6474872
2025-04-19,84474.7,85677.99,84364.45,85077.01,85077.01,823222752.2842493
2025-04-20,85077.0,85320.76,83949.52,85179.24,85179.24,685253644.8918362
2025-04-21,85179.24,88465.99,85144.76,87516.23,87516.23,2773299591.467066
2025-04-22,87516.22,93888.0,87076.03,93442.99,93442.99,3967785064.1281695
2025-04-23,93442.99,94696.05,91935.41,93691.08,93691.08,2560279933.947952
2025-04-24,93691.07,94005.0,91660.01,93980.47,93980.47,1811120137.314679
2025-04-25,93980.47,95758.04,92855.96,94638.68,94638.68,2596877713.640173
2025-04-26,94638.68,95199.0,93870.69,94628.0,94628.0,889627361.8414446
2025-04-27,94628.0,95369.0,93602.58,93749.3,93749.3,1052334792.1866188
2025-04-28,93749.29,95630.0,92800.01,95011.18,95011.18,2092532996.555172
2025-04-29,95011.18,95461.53,93742.54,94256.82,94256.82,1607154803.4675474
2025-04-30,94256.82,95228.45,92910.0,94172.0,94172.0,1664825670.9831252
2025-05-01,94172.0,97424.02,94130.43,96489.91,96489.91,2053857614.2732675
2025-05-02,96489.9,97895.68,96350.0,96887.14,96887.14,1446387651.5840576
2025-05-03,96887.13,96935.67,95753.01,95856.42,95856.42,935906144.9651498
2025-05-04,95856.42,96304.48,94151.38,94277.62,94277.62,1053542403.8531588
2025-05-05,94277.61,95199.0,93514.1,94733.68,94733.68,1626999380.1759968
2025-05-06,94733.68,96920.65,93377.0,96834.02,96834.02,1526847764.5636685
2025-05-07,96834.02,97732.0,95784.61,97030.5,97030.5,1611730124.5924544
2025-05-08,97030.5,104145.76,96876.29,103261.6,103261.6,3508645830.5650144
2025-05-09,103261.61,104361.3,102315.14,102971.99,102971.99,2847518447.981513
2025-05-10,102971.99,104984.57,102818.76,104809.53,104809.53,1588386278.502415
2025-05-11,104809.53,104972.0,103345.06,104118.0,104118.0,1873381777.2124248
2025-05-12,104118.0,105819.45,100718.37,102791.32,102791.32,3242348937.383069
2025-05-13,102791.32,104976.25,101429.7,104103.72,104103.72,2197244118.1523666
2025-05-14,104103.72,104356.95,102602.05,103507.82,103507.82,1704708279.3884108
2025-05-15,103507.83,104192.7,101383.07,103763.71,103763.71,1850183474.529204
2025-05-16,103763.71,104550.33,103100.49,103463.9,103463.9,1628832372.324148
2025-05-17,103463.9,103709.86,102612.5,103126.65,103126.65,1160418362.950618
2025-05-18,103126.65,106660.0,103105.09,106454.26,106454.26,2262214972.0749383
2025-05-19,106454.27,107108.62,102000.0,105573.74,105573.74,3150324504.595452
2025-05-20,105573.73,107320.0,104184.72,106849.99,106849.99,2509102444.6695986
2025-05-21,106850.0,110797.38,106100.01,109643.99,109643.99,4914709514.320026
2025-05-22,109643.99,111980.0,109177.37,111696.21,111696.21,3509432834.573417
2025-05-23,111696.22,111800.0,106800.0,107318.3,107318.3,3469704446.390405
2025-05-24,107318.3,109506.03,106875.41,107761.91,107761.91,1819958819.7748585
2025-05-25,107761.9,109299.99,106600.64,109004.19,109004.19,1904366455.425858
2025-05-26,109004.2,110422.22,108670.58,109434.79,109434.79,1605578282.1079032
2025-05-27,109434.78,110718.0,107516.57,108938.17,108938.17,2327603851.1192646
2025-05-28,108938.17,109284.7,106769.43,107781.78,107781.78,1689136748.513031
2025-05-29,107781.78,108891.91,105322.86,105589.75,105589.75,2128639017.5081613
2025-05-30,105589.75,106313.12,103621.0,103985.48,103985.48,2493078549.591861
2025-05-31,103985.47,104900.0,103068.55,104591.88,104591.88,1174000801.507038
2025-06-01,104591.88,105866.91,103752.49,105642.93,105642.93,1016188486.9505996
2025-06-02,105642.93,105935.63,103659.88,105857.99,105857.99,1409004206.9863732
2025-06-03,105858.0,106794.67,104872.5,105376.89,105376.89,1402493746.5993218
2025-06-04,105376.9,106000.0,104179.0,104696.86,104696.86,1476928482.368878
2025-06-05,104696.86,105909.71,100372.26,101508.68,101508.68,2301567892.5305448
2025-06-06,101508.69,105333.0,101095.8,104288.44,104288.44,1642382404.935575
2025-06-07,104288.43,105900.0,103871.09,105552.15,105552.15,877915380.954823
2025-06-08,105552.15,106488.14,104964.14,105734.0,105734.0,850887129.4282976
2025-06-09,105734.01,110530.17,105318.37,110263.02,110263.02,2154922022.221173
2025-06-10,110263.02,110400.0,108331.03,110274.39,110274.39,1867620550.1921728
2025-06-11,110274.39,110392.01,108064.0,108645.12,108645.12,1434884639.7506304
2025-06-12,108645.13,108813.55,105671.72,105671.73,105671.73,1908309274.086835
2025-06-13,105671.74,106179.53,102664.31,106066.59,106066.59,2735461890.6929703
2025-06-14,106066.59,106252.0,104300.0,105414.64,105414.64,925568614.1784064
2025-06-15,105414.63,106128.57,104494.53,105594.01,105594.01,754596887.8748003
2025-06-16,105594.02,108952.38,104980.37,106794.53,106794.53,1599849840.7325244
2025-06-17,106794.53,107771.34,103371.02,104551.17,104551.17,1883173484.8991
2025-06-18,104551.17,105550.27,103500.0,104886.78,104886.78,1461383024.362209
2025-06-19,104886.79,105226.17,103929.27,104658.59,104658.59,803402575.962045
2025-06-20,104658.59,106524.65,102345.0,103297.99,103297.99,1714411911.0114017
2025-06-21,103297.98,103982.64,100837.9,102120.01,102120.01,1144829784.7306418
2025-06-22,102120.02,103399.62,98200.0,100963.87,100963.87,2892695407.808688
2025-06-23,100963.87,106074.2,99613.33,105333.93,105333.93,2836166831.044449
2025-06-24,105333.94,106290.0,104622.02,106083.0,106083.0,1543451113.4563613
2025-06-25,106083.0,108135.3,105808.03,107340.58,107340.58,1789545470.94629
2025-06-26,107340.59,108272.45,106562.5,106947.06,106947.06,1136093974.6816015
2025-06-27,106947.06,107735.34,106356.76,107047.59,107047.59,1308420348.9100096
2025-06-28,107047.58,107577.75,106811.51,107296.79,107296.79,352025390.60311353
2025-06-29,107296.79,108528.5,107172.52,108356.93,108356.93,736708189.9495683
2025-06-30,108356.93,108789.99,106733.33,107146.5,107146.5,1050407152.345058
2025-07-01,107146.51,107540.0,105250.85,105681.14,105681.14,1117432945.8926363
2025-07-02,105681.13,109730.0,105100.19,108849.6,108849.6,1915699005.8772893
2025-07-03,108849.59,110529.18,108530.4,109584.78,109584.78,1429459048.6383262
2025-07-04,109584.77,109767.59,107245.0,107984.24,107984.24,1276215111.668365
2025-07-05,107984.25,108420.56,107756.31,108198.12,108198.12,403928702.1967476
2025-07-06,108198.12,109700.0,107800.01,109203.84,109203.84,700733299.51122
2025-07-07,109203.85,109700.0,107513.2,108262.94,108262.94,1020848316.053704
2025-07-08,108262.94,109216.56,107429.57,108922.98,108922.98,1000112813.4398944
2025-07-09,108922.99,111999.79,108324.53,111233.99,111233.99,1902054744.194924
2025-07-10,111234.0,116868.0,110500.0,116010.0,116010.0,2826460280.445224
2025-07-11,116010.01,118869.98,115222.22,117527.66,117527.66,3039521803.027247
2025-07-12,117527.66,118200.0,116900.05,117420.0,117420.0,993093353.4068904
2025-07-13,117420.0,119488.0,117224.79,119086.64,119086.64,1132096857.0116916
2025-07-14,119086.65,123218.0,118905.18,119841.18,119841.18,3299746181.077073
2025-07-15,119841.17,119940.83,115736.92,117758.09,117758.09,3755258445.553272
2025-07-16,117758.08,120063.84,117017.29,118630.43,118630.43,2023850383.723488
2025-07-17,118630.44,120998.71,117453.57,119177.56,119177.56,1869114355.1231644
2025-07-18,119177.56,120820.71,116812.76,117924.84,117924.84,2367355518.470308
2025-07-19,117924.84,118499.9,117277.34,117840.0,117840.0,783327898.4969696
2025-07-20,117840.01,118856.8,116467.02,117265.12,117265.12,1528864683.816082
2025-07-21,117265.11,119676.73,116515.0,117380.36,117380.36,2020783266.9633648
2025-07-22,117380.36,120247.8,116128.0,119954.42,119954.42,2481252763.6519103
2025-07-23,119954.43,120090.0,117301.0,118755.99,118755.99,1722126986.886661
2025-07-24,118756.0,119450.0,117103.1,118340.99,118340.99,1873181653.201808
2025-07-25,118340.98,118451.57,114723.16,117614.31,117614.31,4456778786.620494
2025-07-26,117614.31,118297.35,117138.38,117919.99,117919.99,823629079.7493103
2025-07-27,117919.99,119766.65,117825.5,119415.55,119415.55,1107883542.1607983
2025-07-28,119415.56,119800.0,117427.5,118062.32,118062.32,1655882235.896518
2025-07-29,118062.32,119273.36,116950.75,117950.76,117950.76,1788682083.6856463
2025-07-30,117950.75,118792.0,115796.23,117840.3,117840.3,1832696878.2229853
2025-07-31,117840.29,118922.45,115500.0,115764.08,115764.08,2002870016.7022424
2025-08-01,115764.07,116052.0,112722.58,113297.93,113297.93,2810268577.1513696
2025-08-02,113297.92,114063.49,112003.0,112546.35,112546.35,1301882737.326722
2025-08-03,112546.35,114799.97,111920.0,114208.8,114208.8,841090034.1542541
2025-08-04,114208.81,115720.0,114107.6,115055.03,115055.03,1109938874.0629709
2025-08-05,115055.03,115127.81,112650.0,114129.75,114129.75,1371861747.1466167
2025-08-06,114129.75,115716.0,113355.13,114992.27,114992.27,1118028732.8589184
2025-08-07,114992.27,117621.0,114259.0,117472.01,117472.01,1564454297.836927
2025-08-08,117472.02,117630.0,115878.71,116674.74,116674.74,1172199778.7242548
2025-08-09,116674.74,117944.05,116299.13,116462.25,116462.25,1111837601.7023723
2025-08-10,116462.25,119311.11,116460.63,119294.01,119294.01,1694198747.8718708
2025-08-11,119294.27,122335.16,118050.11,118686.0,118686.0,3194611530.541069
2025-08-12,118686.0,120324.43,118207.47,120134.08,120134.08,1992762473.5852573
2025-08-13,120134.09,123667.79,118920.92,123306.43,123306.43,2811581348.3874574
2025-08-14,123306.44,124474.0,117180.0,118295.09,118295.09,3359128391.1085243
2025-08-15,118295.09,119216.82,116803.99,117342.05,117342.05,1607609329.685101
2025-08-16,117342.04,117898.99,117143.98,117380.66,117380.66,751719391.7723638
2025-08-17,117380.66,118575.0,117172.21,117405.01,117405.01,695629197.9038073
2025-08-18,117405.01,117543.75,114640.14,116227.05,116227.05,2053814085.4717767
2025-08-19,116227.05,116725.69,112732.58,112872.94,112872.94,2065010895.8584664
2025-08-20,112872.95,114615.38,112380.0,114271.24,114271.24,1776149566.1247735
2025-08-21,114271.23,114821.76,112015.67,112500.0,112500.0,1227373788.615563
2025-08-22,112500.0,117429.05,111684.79,116935.99,116935.99,2656625122.2777863
2025-08-23,116936.0,117030.0,114560.0,115438.05,115438.05,1308825428.0143583
2025-08-24,115438.06,115666.68,110680.0,113493.59,113493.59,2411284606.189176
2025-08-25,113493.59,113667.28,109274.1,110111.98,110111.98,2805570653.6310234
2025-08-26,110111.98,112371.0,108666.66,111763.22,111763.22,2033437347.4999392
2025-08-27,111763.22,112625.0,110345.42,111262.01,111262.01,1493774927.1908317
2025-08-28,111262.01,113485.9,110862.42,112566.9,112566.9,1250788481.9453218
2025-08-29,112566.9,112638.64,107463.9,108377.4,108377.4,2475492492.5775294
2025-08-30,108377.4,108926.15,107350.1,108816.33,108816.33,1160666772.7387524
2025-08-31,108816.33,109480.02,108076.93,108246.35,108246.35,1031806894.3513318
2025-09-01,108246.36,109912.4,107255.0,109237.42,109237.42,1742516638.781135
2025-09-02,109237.43,111771.52,108393.39,111240.01,111240.01,2042681451.9016385
2025-09-03,111240.01,112575.27,110528.71,111705.71,111705.71,1313762617.3436644
2025-09-04,111705.72,112180.0,109329.12,110730.87,110730.87,1349031325.5320847
2025-09-05,110730.87,113384.62,110206.96,110659.99,110659.99,2413132200.623325
2025-09-06,110660.0,111307.7,109977.0,110187.97,110187.97,552785936.5434699
2025-09-07,110187.98,111600.0,110180.0,111137.34,111137.34,630447950.1588689
2025-09-08,111137.35,112924.37,110621.78,112065.23,112065.23,1295903862.4649603
2025-09-09,112065.23,113293.29,110766.66,111546.39,111546.39,1721465997.906366
2025-09-10,111546.38,114313.13,110917.45,113960.0,113960.0,1978834750.222312
2025-09-11,113960.0,115488.09,113430.0,115482.69,115482.69,1562241144.956541
2025-09-12,115482.69,116665.63,114740.99,116029.42,116029.42,1772122269.5018637
2025-09-13,116029.41,116298.78,115127.27,115918.29,115918.29,957724220.6497612
2025-09-14,115918.29,116165.19,115135.0,115268.01,115268.01,775762364.9685991
2025-09-15,115268.01,116757.99,114384.0,115349.71,115349.71,1522648235.2235153
2025-09-16,115349.71,116964.27,114737.11,116788.96,116788.96,1265779287.5169268
2025-09-17,116788.96,117286.73,114720.81,116447.59,116447.59,1946083704.6217456
2025-09-18,116447.6,117900.0,116092.76,117073.53,117073.53,1367513347.486509
2025-09-19,117073.53,117459.99,115100.0,115632.38,115632.38,1045792401.4532388
2025-09-20,115632.39,116121.81,115408.47,115685.63,115685.63,541264273.2416894
2025-09-21,115685.63,115819.06,115188.0,115232.29,115232.29,521299751.1504096
2025-09-22,115232.29,115379.25,111800.0,112650.99,112650.99,2348872511.6988754
2025-09-23,112650.99,113290.5,111458.73,111998.8,111998.8,1383869800.273703
2025-09-24,111998.8,113940.0,111042.66,113307.0,113307.0,1394470628.502582
2025-09-25,113307.01,113510.23,108631.51,108994.49,108994.49,2356639689.9252143
2025-09-26,108994.49,110300.0,108620.07,109643.46,109643.46,1557098915.9392595
2025-09-27,109643.46,109743.91,109064.4,109635.85,109635.85,601947588.9970765
2025-09-28,109635.85,112350.0,109189.99,112163.95,112163.95,832254944.3203354
2025-09-29,112163.96,114400.0,111560.65,114311.96,114311.96,1755247635.871136
2025-09-30,114311.97,114792.0,112656.27,114048.93,114048.93,1710713267.1300955
2025-10-01,114048.94,118649.1,113966.67,118594.99,118594.99,2332096981.265933
2025-10-02,118594.99,121022.07,118279.31,120529.35,120529.35,2349861127.3445807
2025-10-03,120529.35,123894.99,119248.3,122232.0,122232.0,2907381076.681319
2025-10-04,122232.21,122800.0,121510.0,122391.0,122391.0,1002272903.3446472
2025-10-05,122390.99,125708.42,122136.0,123482.31,123482.31,2730817470.939564
2025-10-06,123482.32,126199.63,123084.0,124658.54,124658.54,2428828952.2653184
2025-10-07,124658.54,125126.0,120574.94,121332.95,121332.95,2657405799.8705487
2025-10-08,121332.96,124197.25,121066.14,123306.0,123306.0,2084842842.4416163
2025-10-09,123306.01,123762.94,119651.47,121662.4,121662.4,2621438087.566733
2025-10-10,121662.41,122550.0,102000.0,112774.5,112774.5,7349750905.041157
2025-10-11,112774.49,113322.39,109561.59,110644.4,110644.4,3961069473.231136
2025-10-12,110644.4,115770.0,109565.06,114958.8,114958.8,3638546528.740156
2025-10-13,114958.81,115963.81,113616.5,115166.0,115166.0,2591831660.985749
2025-10-14,115166.0,115409.96,109866.0,113028.14,113028.14,3578140778.8084984
2025-10-15,113028.13,113612.35,110164.0,110763.28,110763.28,2569639641.3527684
2025-10-16,110763.28,111982.45,107427.0,108194.28,108194.28,3277596494.7619195
2025-10-17,108194.27,109240.0,103528.23,106431.68,106431.68,4022645635.221202
2025-10-18,106431.68,107499.0,106322.2,107185.01,107185.01,1189002999.143113
2025-10-19,107185.0,109450.07,106103.36,108642.78,108642.78,1670074079.5802343
2025-10-20,108642.77,111705.56,107402.52,110532.09,110532.09,2119912185.5934684
2025-10-21,110532.09,114000.0,107473.72,108297.67,108297.67,4114477849.932055
2025-10-22,108297.66,109163.88,106666.69,107567.44,107567.44,3090291706.4439816
2025-10-23,107567.45,111293.61,107500.0,110078.18,110078.18,1924582289.4113936
2025-10-24,110078.19,112104.98,109700.01,111004.89,111004.89,1662806764.9533324
2025-10-25,111004.9,111943.19,110672.86,111646.27,111646.27,714201332.9751225
2025-10-26,111646.27,115466.8,111260.45,114559.4,114559.4,1525108635.874829
2025-10-27,114559.41,116400.0,113830.01,114107.65,114107.65,2470872744.548968
2025-10-28,114107.65,116086.0,112211.0,112898.45,112898.45,1772753529.8642745
2025-10-29,112898.44,113643.73,109200.0,110021.29,110021.29,2356715986.533545
2025-10-30,110021.3,111592.0,106304.34,108322.88,108322.88,2827221287.422797
2025-10-31,108322.87,111190.0,108275.28,109608.01,109608.01,2361590437.9414105
2025-11-01,109608.01,110564.49,109394.81,110098.1,110098.1,812389216.4346799
2025-11-02,110098.1,111250.01,109471.34,110540.68,110540.68,1336870531.1415012
2025-11-03,110540.69,110750.0,105306.56,106583.04,106583.04,3076006652.001568
2025-11-04,106583.05,107299.0,98944.36,101497.22,101497.22,5197697635.212413
2025-11-05,101497.23,104534.74,98966.8,103885.16,103885.16,3454273922.7003846
2025-11-06,103885.16,104200.0,100300.95,101346.04,101346.04,2641767846.305827
2025-11-07,101346.04,104096.36,99260.86,103339.08,103339.08,3251112979.3058844
2025-11-08,103339.09,103406.22,101454.0,102312.94,102312.94,1267165565.37527
2025-11-09,102312.95,105495.62,101400.0,104722.96,104722.96,1687020822.3668208
2025-11-10,104722.95,106670.11,104265.02,106011.13,106011.13,2400141664.3893414
2025-11-11,106011.13,107500.0,102476.09,103058.99,103058.99,2532279071.0069213
2025-11-12,103059.0,105333.33,100813.59,101654.37,101654.37,2108514405.260877
2025-11-13,101654.37,104085.01,98000.4,99692.02,99692.02,3654698026.540381
2025-11-14,99692.03,99866.02,94012.45,94594.0,94594.0,4566085156.747207
2025-11-15,94594.0,96846.68,94558.49,95596.24,95596.24,1449074019.067485
2025-11-16,95596.23,96635.11,93005.55,94261.44,94261.44,2261295524.8173394
2025-11-17,94261.45,96043.0,91220.0,92215.14,92215.14,3674562070.238606
2025-11-18,92215.14,93836.01,89253.78,92960.83,92960.83,3641033186.3004575
2025-11-19,92960.83,92980.22,88608.0,91554.96,91554.96,2925773651.2559576
2025-11-20,91554.96,93160.0,86100.0,86637.23,86637.23,3548950335.0984216
2025-11-21,86637.22,87498.94,80600.0,85129.43,85129.43,6061348756.341564
2025-11-22,85129.42,85620.0,83500.0,84739.74,84739.74,1197657354.9690385
2025-11-23,84739.75,88127.64,84667.57,86830.0,86830.0,1708685030.2798696
2025-11-24,86830.0,89228.0,85272.0,88300.01,88300.01,2150393686.9203186
2025-11-25,88300.01,88519.99,86116.0,87369.96,87369.96,1708989000.038937
2025-11-26,87369.97,90656.08,86306.77,90484.02,90484.02,1916851896.6699688
2025-11-27,90484.01,91950.0,90089.91,91333.95,91333.95,1535778106.578708
2025-11-28,91333.94,93092.0,90180.63,90890.7,90890.7,1721418035.0795596
2025-11-29,90890.71,91165.65,90155.47,90802.44,90802.44,673725652.9787655
2025-11-30,90802.44,92000.01,90336.9,90360.0,90360.0,884051773.1655338
2025-12-01,90360.01,90417.0,83822.76,86286.01,86286.01,2977024047.2231607
2025-12-02,86286.01,92307.65,86184.39,91277.88,91277.88,2519515177.662365
2025-12-03,91277.88,94150.0,90990.23,93429.95,93429.95,2386223626.8613906
2025-12-04,93429.95,94080.0,90889.0,92078.06,92078.06,1836645629.33462
2025-12-05,92078.06,92692.36,88056.0,89330.04,89330.04,1788436983.8106546
2025-12-06,89330.04,90289.97,88908.01,89236.79,89236.79,753420679.8063259
2025-12-07,89236.8,91760.0,87719.28,90395.31,90395.31,1167866486.8455212
2025-12-08,90395.32,92287.15,89612.0,90634.34,90634.34,1436920018.893613
2025-12-09,90634.35,94588.99,89500.0,92678.8,92678.8,1956261065.6071727
2025-12-10,92678.81,94476.0,91563.15,92015.37,92015.37,1758773276.2478049
2025-12-11,92015.38,93555.0,89260.63,92513.38,92513.38,1814322119.065849
2025-12-12,92513.38,92754.0,89480.0,90268.42,90268.42,1521683425.5648005
2025-12-13,90268.43,90634.55,89766.39,90240.01,90240.01,532250544.59040153
2025-12-14,90240.0,90472.4,87577.36,88172.17,88172.17,839079130.8378651
2025-12-15,88172.16,90052.64,85146.64,86432.08,86432.08,1732823429.5017283
2025-12-16,86432.08,88175.98,85266.0,87863.42,87863.42,1604673428.6527836
2025-12-17,87863.43,90365.85,85314.0,86243.22,86243.22,1733348496.6703594
2025-12-18,86243.23,89477.61,84450.01,85516.41,85516.41,2204223872.6696463
2025-12-19,85516.41,89399.97,85110.24,88136.94,88136.94,1863236625.932864
2025-12-20,88136.95,88573.07,87795.76,88360.9,88360.9,451919022.72775954
2025-12-21,88360.91,89081.77,87600.04,88658.86,88658.86,629720971.7866651
2025-12-22,88658.87,90588.23,87900.0,88620.79,88620.79,1310235631.747926
2025-12-23,88620.79,88940.0,86601.9,87486.0,87486.0,1219899607.2677548
2025-12-24,87486.0,88049.89,86420.0,87669.45,87669.45,797460526.4738462
2025-12-25,87669.44,88592.74,86934.72,87225.27,87225.27,622970453.6497648
2025-12-26,87225.27,89567.75,86655.08,87369.56,87369.56,1616722115.636646
2025-12-27,87369.56,87984.0,87253.05,87877.01,87877.01,391274205.274436
2025-12-28,87877.0,88088.75,87435.0,87952.71,87952.71,390327299.1502763
2025-12-29,87952.71,90406.08,86806.5,87237.13,87237.13,1762011993.0377953
2025-12-30,87237.13,89400.0,86845.66,88485.49,88485.49,1155016404.4786751
2025-12-31,88485.5,89200.0,87250.0,87648.22,87648.22,1019746835.2795268
